Tipo de profesional;Sexo;años;Total
Enfermeros;Total;2021;330.745
Enfermeros;Total;2020;325.018
Enfermeros;Total;2019;316.094
Enfermeros;Total;2018;307.762
Enfermeros;Total;2017;299.824
Enfermeros;Total;2016;291.297
Enfermeros;Total;2015;283.611
Enfermeros;Total;2014;274.040
Enfermeros;Total;2013;265.557
Enfermeros;Total;2012;264.524
Enfermeros;Total;2011;268.309
Enfermeros;Total;2010;262.915
Enfermeros;Total;2009;255.445
Enfermeros;Total;2008;250.020
Enfermeros;Total;2007;242.990
Enfermeros;Total;2006;237.050
Enfermeros;Total;2005;231.001
Enfermeros;Total;2004;225.487
Enfermeros;Total;2003;220.769
Enfermeros;Total;2002;213.368
Enfermeros;Total;2001;208.551
Enfermeros;Total;2000;204.485
Enfermeros;Total;1999;197.340
Enfermeros;Total;1998;192.598
Enfermeros;Total;1997;181.877
Enfermeros;Total;1996;177.034
Enfermeros;Total;1995;172.132
Enfermeros;Total;1994;167.957
Enfermeros;Total;1993;167.894
Enfermeros;Total;1992;164.891
Enfermeros;Total;1991;161.285
Enfermeros;Total;1990;158.497
Enfermeros;Total;1989;157.194
Enfermeros;Total;1988;152.624
Enfermeros;Total;1987;148.723
Enfermeros;Total;1986;147.462
Enfermeros;Total;1985;143.508
Enfermeros;Total;1984;142.542
Enfermeros;Total;1983;139.846
Enfermeros;Total;1982;136.892
Enfermeros;Total;1981;130.373
Enfermeros;Total;1980;125.313
Enfermeros;Total;1979;111.107
Enfermeros;Total;1978;97.110
Enfermeros;Total;1977;81.743
Enfermeros;Total;1976;80.426
Enfermeros;Total;1975;64.325
Enfermeros;Total;1974;32.202
Enfermeros;Total;1973;29.811
Enfermeros;Total;1972;28.593
Enfermeros;Total;1971;27.499
Enfermeros;Total;1970;26.757
Enfermeros;Total;1969;26.415
Enfermeros;Total;1968;26.268
Enfermeros;Total;1967;26.304
Enfermeros;Total;1966;26.304
Enfermeros;Total;1965;26.185
Enfermeros;Total;1964;26.234
Enfermeros;Total;1963;26.239
Enfermeros;Total;1962;26.777
Enfermeros;Total;1961;26.778
Enfermeros;Total;1960;27.050
Enfermeros;Total;1959;27.049
Enfermeros;Total;1958;26.763
Enfermeros;Total;1957;27.251
Enfermeros;Total;1956;27.201
Enfermeros;Total;1955;27.057
Enfermeros;Total;1954;26.088
Enfermeros;Total;1953;25.094
Enfermeros;Total;1952;23.247
Enfermeros;Hombres;2021;52.377
Enfermeros;Hombres;2020;51.760
Enfermeros;Hombres;2019;50.074
Enfermeros;Hombres;2018;48.633
Enfermeros;Hombres;2017;46.979
Enfermeros;Hombres;2016;45.691
Enfermeros;Hombres;2015;44.652
Enfermeros;Hombres;2014;43.047
Enfermeros;Hombres;2013;41.463
Enfermeros;Hombres;2012;41.623
Enfermeros;Hombres;2011;42.941
Enfermeros;Hombres;2010;42.994
Enfermeros;Hombres;2009;42.094
Enfermeros;Hombres;2008;41.695
Enfermeros;Hombres;2007;41.325
Enfermeros;Hombres;2006;40.837
Enfermeros;Hombres;2005;40.233
Enfermeros;Hombres;2004;41.471
Enfermeros;Hombres;2003;40.620
Enfermeros;Hombres;2002;41.717
Enfermeros;Hombres;2001;40.759
Enfermeros;Hombres;2000;39.907
Enfermeros;Hombres;1999;38.328
Enfermeros;Hombres;1998;38.271
Enfermeros;Hombres;1997;36.229
Enfermeros;Hombres;1996;35.730
Enfermeros;Hombres;1995;36.077
Enfermeros;Hombres;1994;35.540
Enfermeros;Hombres;1993;38.530
Enfermeros;Hombres;1992;38.144
Enfermeros;Hombres;1991;38.088
Enfermeros;Hombres;1990;37.613
Enfermeros;Hombres;1989;38.919
Enfermeros;Hombres;1988;38.832
Enfermeros;Hombres;1987;38.398
Enfermeros;Hombres;1986;38.680
Enfermeros;Hombres;1985;38.425
Enfermeros;Hombres;1984;38.324
Enfermeros;Hombres;1983;37.402
Enfermeros;Hombres;1982;36.926
Enfermeros;Hombres;1981;35.298
Enfermeros;Hombres;1980;34.376
Enfermeros;Hombres;1979;33.989
Enfermeros;Hombres;1978;30.551
Enfermeros;Hombres;1977;..
Enfermeros;Hombres;1976;..
Enfermeros;Hombres;1975;..
Enfermeros;Hombres;1974;..
Enfermeros;Hombres;1973;..
Enfermeros;Hombres;1972;..
Enfermeros;Hombres;1971;..
Enfermeros;Hombres;1970;..
Enfermeros;Hombres;1969;..
Enfermeros;Hombres;1968;..
Enfermeros;Hombres;1967;..
Enfermeros;Hombres;1966;..
Enfermeros;Hombres;1965;..
Enfermeros;Hombres;1964;..
Enfermeros;Hombres;1963;..
Enfermeros;Hombres;1962;..
Enfermeros;Hombres;1961;..
Enfermeros;Hombres;1960;..
Enfermeros;Hombres;1959;..
Enfermeros;Hombres;1958;..
Enfermeros;Hombres;1957;..
Enfermeros;Hombres;1956;..
Enfermeros;Hombres;1955;..
Enfermeros;Hombres;1954;..
Enfermeros;Hombres;1953;..
Enfermeros;Hombres;1952;..
Enfermeros;Mujeres;2021;278.368
Enfermeros;Mujeres;2020;273.258
Enfermeros;Mujeres;2019;266.020
Enfermeros;Mujeres;2018;259.129
Enfermeros;Mujeres;2017;252.845
Enfermeros;Mujeres;2016;245.606
Enfermeros;Mujeres;2015;238.959
Enfermeros;Mujeres;2014;230.993
Enfermeros;Mujeres;2013;224.094
Enfermeros;Mujeres;2012;222.901
Enfermeros;Mujeres;2011;225.368
Enfermeros;Mujeres;2010;219.921
Enfermeros;Mujeres;2009;213.351
Enfermeros;Mujeres;2008;208.325
Enfermeros;Mujeres;2007;201.665
Enfermeros;Mujeres;2006;196.213
Enfermeros;Mujeres;2005;190.768
Enfermeros;Mujeres;2004;184.016
Enfermeros;Mujeres;2003;180.149
Enfermeros;Mujeres;2002;171.651
Enfermeros;Mujeres;2001;167.792
Enfermeros;Mujeres;2000;164.578
Enfermeros;Mujeres;1999;159.012
Enfermeros;Mujeres;1998;154.327
Enfermeros;Mujeres;1997;145.648
Enfermeros;Mujeres;1996;141.304
Enfermeros;Mujeres;1995;136.055
Enfermeros;Mujeres;1994;132.417
Enfermeros;Mujeres;1993;129.364
Enfermeros;Mujeres;1992;126.747
Enfermeros;Mujeres;1991;123.197
Enfermeros;Mujeres;1990;120.884
Enfermeros;Mujeres;1989;118.275
Enfermeros;Mujeres;1988;113.792
Enfermeros;Mujeres;1987;110.325
Enfermeros;Mujeres;1986;108.782
Enfermeros;Mujeres;1985;105.083
Enfermeros;Mujeres;1984;104.218
Enfermeros;Mujeres;1983;102.444
Enfermeros;Mujeres;1982;99.966
Enfermeros;Mujeres;1981;95.075
Enfermeros;Mujeres;1980;90.937
Enfermeros;Mujeres;1979;77.118
Enfermeros;Mujeres;1978;66.559
Enfermeros;Mujeres;1977;..
Enfermeros;Mujeres;1976;..
Enfermeros;Mujeres;1975;..
Enfermeros;Mujeres;1974;..
Enfermeros;Mujeres;1973;..
Enfermeros;Mujeres;1972;..
Enfermeros;Mujeres;1971;..
Enfermeros;Mujeres;1970;..
Enfermeros;Mujeres;1969;..
Enfermeros;Mujeres;1968;..
Enfermeros;Mujeres;1967;..
Enfermeros;Mujeres;1966;..
Enfermeros;Mujeres;1965;..
Enfermeros;Mujeres;1964;..
Enfermeros;Mujeres;1963;..
Enfermeros;Mujeres;1962;..
Enfermeros;Mujeres;1961;..
Enfermeros;Mujeres;1960;..
Enfermeros;Mujeres;1959;..
Enfermeros;Mujeres;1958;..
Enfermeros;Mujeres;1957;..
Enfermeros;Mujeres;1956;..
Enfermeros;Mujeres;1955;..
Enfermeros;Mujeres;1954;..
Enfermeros;Mujeres;1953;..
Enfermeros;Mujeres;1952;..
Enfermeros con título de Matrona;Total;2021;9.834
Enfermeros con título de Matrona;Total;2020;9.593
Enfermeros con título de Matrona;Total;2019;9.579
Enfermeros con título de Matrona;Total;2018;9.236
Enfermeros con título de Matrona;Total;2017;9.013
Enfermeros con título de Matrona;Total;2016;8.785
Enfermeros con título de Matrona;Total;2015;8.547
Enfermeros con título de Matrona;Total;2014;8.505
Enfermeros con título de Matrona;Total;2013;8.279
Enfermeros con título de Matrona;Total;2012;7.907
Enfermeros con título de Matrona;Total;2011;7.713
Enfermeros con título de Matrona;Total;2010;7.580
Enfermeros con título de Matrona;Total;2009;7.354
Enfermeros con título de Matrona;Total;2008;7.217
Enfermeros con título de Matrona;Total;2007;7.057
Enfermeros con título de Matrona;Total;2006;6.868
Enfermeros con título de Matrona;Total;2005;6.774
Enfermeros con título de Matrona;Total;2004;6.698
Enfermeros con título de Matrona;Total;2003;6.764
Enfermeros con título de Matrona;Total;2002;6.547
Enfermeros con título de Matrona;Total;2001;6.463
Enfermeros con título de Matrona;Total;2000;6.439
Enfermeros con título de Matrona;Total;1999;6.344
Enfermeros con título de Matrona;Total;1998;6.387
Enfermeros con título de Matrona;Total;1997;6.095
Enfermeros con título de Matrona;Total;1996;6.314
Enfermeros con título de Matrona;Total;1995;6.072
Enfermeros con título de Matrona;Total;1994;6.105
Enfermeros con título de Matrona;Total;1993;6.210
Enfermeros con título de Matrona;Total;1992;6.425
Enfermeros con título de Matrona;Total;1991;6.250
Enfermeros con título de Matrona;Total;1990;6.321
Enfermeros con título de Matrona;Total;1989;6.208
Enfermeros con título de Matrona;Total;1988;6.291
Enfermeros con título de Matrona;Total;1987;5.763
Enfermeros con título de Matrona;Total;1986;6.103
Enfermeros con título de Matrona;Total;1985;6.207
Enfermeros con título de Matrona;Total;1984;5.770
Enfermeros con título de Matrona;Total;1983;5.446
Enfermeros con título de Matrona;Total;1982;4.893
Enfermeros con título de Matrona;Total;1981;4.489
Enfermeros con título de Matrona;Total;1980;4.192
Enfermeros con título de Matrona;Total;1979;4.620
Enfermeros con título de Matrona;Total;1978;..
Enfermeros con título de Matrona;Total;1977;..
Enfermeros con título de Matrona;Total;1976;4.356
Enfermeros con título de Matrona;Total;1975;4.220
Enfermeros con título de Matrona;Total;1974;4.206
Enfermeros con título de Matrona;Total;1973;4.088
Enfermeros con título de Matrona;Total;1972;4.124
Enfermeros con título de Matrona;Total;1971;4.116
Enfermeros con título de Matrona;Total;1970;4.123
Enfermeros con título de Matrona;Total;1969;4.182
Enfermeros con título de Matrona;Total;1968;4.319
Enfermeros con título de Matrona;Total;1967;4.451
Enfermeros con título de Matrona;Total;1966;4.546
Enfermeros con título de Matrona;Total;1965;4.617
Enfermeros con título de Matrona;Total;1964;4.673
Enfermeros con título de Matrona;Total;1963;4.681
Enfermeros con título de Matrona;Total;1962;5.004
Enfermeros con título de Matrona;Total;1961;4.963
Enfermeros con título de Matrona;Total;1960;5.156
Enfermeros con título de Matrona;Total;1959;5.117
Enfermeros con título de Matrona;Total;1958;4.813
Enfermeros con título de Matrona;Total;1957;5.512
Enfermeros con título de Matrona;Total;1956;5.412
Enfermeros con título de Matrona;Total;1955;5.338
Enfermeros con título de Matrona;Total;1954;4.956
Enfermeros con título de Matrona;Total;1953;4.592
Enfermeros con título de Matrona;Total;1952;4.605
Enfermeros con título de Matrona;Hombres;2021;671
Enfermeros con título de Matrona;Hombres;2020;635
Enfermeros con título de Matrona;Hombres;2019;633
Enfermeros con título de Matrona;Hombres;2018;599
Enfermeros con título de Matrona;Hombres;2017;585
Enfermeros con título de Matrona;Hombres;2016;565
Enfermeros con título de Matrona;Hombres;2015;511
Enfermeros con título de Matrona;Hombres;2014;540
Enfermeros con título de Matrona;Hombres;2013;497
Enfermeros con título de Matrona;Hombres;2012;451
Enfermeros con título de Matrona;Hombres;2011;469
Enfermeros con título de Matrona;Hombres;2010;469
Enfermeros con título de Matrona;Hombres;2009;457
Enfermeros con título de Matrona;Hombres;2008;440
Enfermeros con título de Matrona;Hombres;2007;411
Enfermeros con título de Matrona;Hombres;2006;392
Enfermeros con título de Matrona;Hombres;2005;369
Enfermeros con título de Matrona;Hombres;2004;360
Enfermeros con título de Matrona;Hombres;2003;348
Enfermeros con título de Matrona;Hombres;2002;382
Enfermeros con título de Matrona;Hombres;2001;368
Enfermeros con título de Matrona;Hombres;2000;326
Enfermeros con título de Matrona;Hombres;1999;320
Enfermeros con título de Matrona;Hombres;1998;284
Enfermeros con título de Matrona;Hombres;1997;272
Enfermeros con título de Matrona;Hombres;1996;266
Enfermeros con título de Matrona;Hombres;1995;287
Enfermeros con título de Matrona;Hombres;1994;244
Enfermeros con título de Matrona;Hombres;1993;226
Enfermeros con título de Matrona;Hombres;1992;233
Enfermeros con título de Matrona;Hombres;1991;..
Enfermeros con título de Matrona;Hombres;1990;..
Enfermeros con título de Matrona;Hombres;1989;..
Enfermeros con título de Matrona;Hombres;1988;..
Enfermeros con título de Matrona;Hombres;1987;..
Enfermeros con título de Matrona;Hombres;1986;..
Enfermeros con título de Matrona;Hombres;1985;..
Enfermeros con título de Matrona;Hombres;1984;..
Enfermeros con título de Matrona;Hombres;1983;..
Enfermeros con título de Matrona;Hombres;1982;..
Enfermeros con título de Matrona;Hombres;1981;..
Enfermeros con título de Matrona;Hombres;1980;..
Enfermeros con título de Matrona;Hombres;1979;..
Enfermeros con título de Matrona;Hombres;1978;..
Enfermeros con título de Matrona;Hombres;1977;..
Enfermeros con título de Matrona;Hombres;1976;..
Enfermeros con título de Matrona;Hombres;1975;..
Enfermeros con título de Matrona;Hombres;1974;..
Enfermeros con título de Matrona;Hombres;1973;..
Enfermeros con título de Matrona;Hombres;1972;..
Enfermeros con título de Matrona;Hombres;1971;..
Enfermeros con título de Matrona;Hombres;1970;..
Enfermeros con título de Matrona;Hombres;1969;..
Enfermeros con título de Matrona;Hombres;1968;..
Enfermeros con título de Matrona;Hombres;1967;..
Enfermeros con título de Matrona;Hombres;1966;..
Enfermeros con título de Matrona;Hombres;1965;..
Enfermeros con título de Matrona;Hombres;1964;..
Enfermeros con título de Matrona;Hombres;1963;..
Enfermeros con título de Matrona;Hombres;1962;..
Enfermeros con título de Matrona;Hombres;1961;..
Enfermeros con título de Matrona;Hombres;1960;..
Enfermeros con título de Matrona;Hombres;1959;..
Enfermeros con título de Matrona;Hombres;1958;..
Enfermeros con título de Matrona;Hombres;1957;..
Enfermeros con título de Matrona;Hombres;1956;..
Enfermeros con título de Matrona;Hombres;1955;..
Enfermeros con título de Matrona;Hombres;1954;..
Enfermeros con título de Matrona;Hombres;1953;..
Enfermeros con título de Matrona;Hombres;1952;..
Enfermeros con título de Matrona;Mujeres;2021;9.163
Enfermeros con título de Matrona;Mujeres;2020;8.958
Enfermeros con título de Matrona;Mujeres;2019;8.946
Enfermeros con título de Matrona;Mujeres;2018;8.637
Enfermeros con título de Matrona;Mujeres;2017;8.428
Enfermeros con título de Matrona;Mujeres;2016;8.220
Enfermeros con título de Matrona;Mujeres;2015;8.036
Enfermeros con título de Matrona;Mujeres;2014;7.965
Enfermeros con título de Matrona;Mujeres;2013;7.782
Enfermeros con título de Matrona;Mujeres;2012;7.456
Enfermeros con título de Matrona;Mujeres;2011;7.244
Enfermeros con título de Matrona;Mujeres;2010;7.111
Enfermeros con título de Matrona;Mujeres;2009;6.897
Enfermeros con título de Matrona;Mujeres;2008;6.777
Enfermeros con título de Matrona;Mujeres;2007;6.646
Enfermeros con título de Matrona;Mujeres;2006;6.476
Enfermeros con título de Matrona;Mujeres;2005;6.405
Enfermeros con título de Matrona;Mujeres;2004;6.338
Enfermeros con título de Matrona;Mujeres;2003;6.416
Enfermeros con título de Matrona;Mujeres;2002;6.165
Enfermeros con título de Matrona;Mujeres;2001;6.095
Enfermeros con título de Matrona;Mujeres;2000;6.113
Enfermeros con título de Matrona;Mujeres;1999;6.024
Enfermeros con título de Matrona;Mujeres;1998;6.103
Enfermeros con título de Matrona;Mujeres;1997;5.823
Enfermeros con título de Matrona;Mujeres;1996;6.048
Enfermeros con título de Matrona;Mujeres;1995;5.785
Enfermeros con título de Matrona;Mujeres;1994;5.861
Enfermeros con título de Matrona;Mujeres;1993;5.984
Enfermeros con título de Matrona;Mujeres;1992;6.192
Enfermeros con título de Matrona;Mujeres;1991;..
Enfermeros con título de Matrona;Mujeres;1990;..
Enfermeros con título de Matrona;Mujeres;1989;..
Enfermeros con título de Matrona;Mujeres;1988;..
Enfermeros con título de Matrona;Mujeres;1987;..
Enfermeros con título de Matrona;Mujeres;1986;..
Enfermeros con título de Matrona;Mujeres;1985;..
Enfermeros con título de Matrona;Mujeres;1984;..
Enfermeros con título de Matrona;Mujeres;1983;..
Enfermeros con título de Matrona;Mujeres;1982;..
Enfermeros con título de Matrona;Mujeres;1981;..
Enfermeros con título de Matrona;Mujeres;1980;..
Enfermeros con título de Matrona;Mujeres;1979;..
Enfermeros con título de Matrona;Mujeres;1978;..
Enfermeros con título de Matrona;Mujeres;1977;..
Enfermeros con título de Matrona;Mujeres;1976;..
Enfermeros con título de Matrona;Mujeres;1975;..
Enfermeros con título de Matrona;Mujeres;1974;..
Enfermeros con título de Matrona;Mujeres;1973;..
Enfermeros con título de Matrona;Mujeres;1972;..
Enfermeros con título de Matrona;Mujeres;1971;..
Enfermeros con título de Matrona;Mujeres;1970;..
Enfermeros con título de Matrona;Mujeres;1969;..
Enfermeros con título de Matrona;Mujeres;1968;..
Enfermeros con título de Matrona;Mujeres;1967;..
Enfermeros con título de Matrona;Mujeres;1966;..
Enfermeros con título de Matrona;Mujeres;1965;..
Enfermeros con título de Matrona;Mujeres;1964;..
Enfermeros con título de Matrona;Mujeres;1963;..
Enfermeros con título de Matrona;Mujeres;1962;..
Enfermeros con título de Matrona;Mujeres;1961;..
Enfermeros con título de Matrona;Mujeres;1960;..
Enfermeros con título de Matrona;Mujeres;1959;..
Enfermeros con título de Matrona;Mujeres;1958;..
Enfermeros con título de Matrona;Mujeres;1957;..
Enfermeros con título de Matrona;Mujeres;1956;..
Enfermeros con título de Matrona;Mujeres;1955;..
Enfermeros con título de Matrona;Mujeres;1954;..
Enfermeros con título de Matrona;Mujeres;1953;..
Enfermeros con título de Matrona;Mujeres;1952;..
Enfermeros con título de Practicantes y ATS;Total;2021;..
Enfermeros con título de Practicantes y ATS;Total;2020;..
Enfermeros con título de Practicantes y ATS;Total;2019;..
Enfermeros con título de Practicantes y ATS;Total;2018;..
Enfermeros con título de Practicantes y ATS;Total;2017;..
Enfermeros con título de Practicantes y ATS;Total;2016;..
Enfermeros con título de Practicantes y ATS;Total;2015;..
Enfermeros con título de Practicantes y ATS;Total;2014;..
Enfermeros con título de Practicantes y ATS;Total;2013;..
Enfermeros con título de Practicantes y ATS;Total;2012;..
Enfermeros con título de Practicantes y ATS;Total;2011;..
Enfermeros con título de Practicantes y ATS;Total;2010;..
Enfermeros con título de Practicantes y ATS;Total;2009;..
Enfermeros con título de Practicantes y ATS;Total;2008;..
Enfermeros con título de Practicantes y ATS;Total;2007;..
Enfermeros con título de Practicantes y ATS;Total;2006;..
Enfermeros con título de Practicantes y ATS;Total;2005;..
Enfermeros con título de Practicantes y ATS;Total;2004;..
Enfermeros con título de Practicantes y ATS;Total;2003;..
Enfermeros con título de Practicantes y ATS;Total;2002;..
Enfermeros con título de Practicantes y ATS;Total;2001;..
Enfermeros con título de Practicantes y ATS;Total;2000;..
Enfermeros con título de Practicantes y ATS;Total;1999;..
Enfermeros con título de Practicantes y ATS;Total;1998;..
Enfermeros con título de Practicantes y ATS;Total;1997;..
Enfermeros con título de Practicantes y ATS;Total;1996;..
Enfermeros con título de Practicantes y ATS;Total;1995;..
Enfermeros con título de Practicantes y ATS;Total;1994;..
Enfermeros con título de Practicantes y ATS;Total;1993;..
Enfermeros con título de Practicantes y ATS;Total;1992;..
Enfermeros con título de Practicantes y ATS;Total;1991;..
Enfermeros con título de Practicantes y ATS;Total;1990;..
Enfermeros con título de Practicantes y ATS;Total;1989;..
Enfermeros con título de Practicantes y ATS;Total;1988;..
Enfermeros con título de Practicantes y ATS;Total;1987;..
Enfermeros con título de Practicantes y ATS;Total;1986;..
Enfermeros con título de Practicantes y ATS;Total;1985;..
Enfermeros con título de Practicantes y ATS;Total;1984;..
Enfermeros con título de Practicantes y ATS;Total;1983;..
Enfermeros con título de Practicantes y ATS;Total;1982;..
Enfermeros con título de Practicantes y ATS;Total;1981;..
Enfermeros con título de Practicantes y ATS;Total;1980;..
Enfermeros con título de Practicantes y ATS;Total;1979;..
Enfermeros con título de Practicantes y ATS;Total;1978;..
Enfermeros con título de Practicantes y ATS;Total;1977;..
Enfermeros con título de Practicantes y ATS;Total;1976;36.051
Enfermeros con título de Practicantes y ATS;Total;1975;31.328
Enfermeros con título de Practicantes y ATS;Total;1974;27.996
Enfermeros con título de Practicantes y ATS;Total;1973;25.723
Enfermeros con título de Practicantes y ATS;Total;1972;24.469
Enfermeros con título de Practicantes y ATS;Total;1971;23.383
Enfermeros con título de Practicantes y ATS;Total;1970;22.634
Enfermeros con título de Practicantes y ATS;Total;1969;22.233
Enfermeros con título de Practicantes y ATS;Total;1968;21.949
Enfermeros con título de Practicantes y ATS;Total;1967;21.853
Enfermeros con título de Practicantes y ATS;Total;1966;21.758
Enfermeros con título de Practicantes y ATS;Total;1965;21.568
Enfermeros con título de Practicantes y ATS;Total;1964;21.561
Enfermeros con título de Practicantes y ATS;Total;1963;21.558
Enfermeros con título de Practicantes y ATS;Total;1962;21.773
Enfermeros con título de Practicantes y ATS;Total;1961;21.815
Enfermeros con título de Practicantes y ATS;Total;1960;21.894
Enfermeros con título de Practicantes y ATS;Total;1959;21.932
Enfermeros con título de Practicantes y ATS;Total;1958;21.950
Enfermeros con título de Practicantes y ATS;Total;1957;21.739
Enfermeros con título de Practicantes y ATS;Total;1956;21.789
Enfermeros con título de Practicantes y ATS;Total;1955;21.719
Enfermeros con título de Practicantes y ATS;Total;1954;21.132
Enfermeros con título de Practicantes y ATS;Total;1953;20.502
Enfermeros con título de Practicantes y ATS;Total;1952;18.642
Enfermeros con título de Practicantes y ATS;Hombres;2021;..
Enfermeros con título de Practicantes y ATS;Hombres;2020;..
Enfermeros con título de Practicantes y ATS;Hombres;2019;..
Enfermeros con título de Practicantes y ATS;Hombres;2018;..
Enfermeros con título de Practicantes y ATS;Hombres;2017;..
Enfermeros con título de Practicantes y ATS;Hombres;2016;..
Enfermeros con título de Practicantes y ATS;Hombres;2015;..
Enfermeros con título de Practicantes y ATS;Hombres;2014;..
Enfermeros con título de Practicantes y ATS;Hombres;2013;..
Enfermeros con título de Practicantes y ATS;Hombres;2012;..
Enfermeros con título de Practicantes y ATS;Hombres;2011;..
Enfermeros con título de Practicantes y ATS;Hombres;2010;..
Enfermeros con título de Practicantes y ATS;Hombres;2009;..
Enfermeros con título de Practicantes y ATS;Hombres;2008;..
Enfermeros con título de Practicantes y ATS;Hombres;2007;..
Enfermeros con título de Practicantes y ATS;Hombres;2006;..
Enfermeros con título de Practicantes y ATS;Hombres;2005;..
Enfermeros con título de Practicantes y ATS;Hombres;2004;..
Enfermeros con título de Practicantes y ATS;Hombres;2003;..
Enfermeros con título de Practicantes y ATS;Hombres;2002;..
Enfermeros con título de Practicantes y ATS;Hombres;2001;..
Enfermeros con título de Practicantes y ATS;Hombres;2000;..
Enfermeros con título de Practicantes y ATS;Hombres;1999;..
Enfermeros con título de Practicantes y ATS;Hombres;1998;..
Enfermeros con título de Practicantes y ATS;Hombres;1997;..
Enfermeros con título de Practicantes y ATS;Hombres;1996;..
Enfermeros con título de Practicantes y ATS;Hombres;1995;..
Enfermeros con título de Practicantes y ATS;Hombres;1994;..
Enfermeros con título de Practicantes y ATS;Hombres;1993;..
Enfermeros con título de Practicantes y ATS;Hombres;1992;..
Enfermeros con título de Practicantes y ATS;Hombres;1991;..
Enfermeros con título de Practicantes y ATS;Hombres;1990;..
Enfermeros con título de Practicantes y ATS;Hombres;1989;..
Enfermeros con título de Practicantes y ATS;Hombres;1988;..
Enfermeros con título de Practicantes y ATS;Hombres;1987;..
Enfermeros con título de Practicantes y ATS;Hombres;1986;..
Enfermeros con título de Practicantes y ATS;Hombres;1985;..
Enfermeros con título de Practicantes y ATS;Hombres;1984;..
Enfermeros con título de Practicantes y ATS;Hombres;1983;..
Enfermeros con título de Practicantes y ATS;Hombres;1982;..
Enfermeros con título de Practicantes y ATS;Hombres;1981;..
Enfermeros con título de Practicantes y ATS;Hombres;1980;..
Enfermeros con título de Practicantes y ATS;Hombres;1979;..
Enfermeros con título de Practicantes y ATS;Hombres;1978;..
Enfermeros con título de Practicantes y ATS;Hombres;1977;..
Enfermeros con título de Practicantes y ATS;Hombres;1976;24.062
Enfermeros con título de Practicantes y ATS;Hombres;1975;..
Enfermeros con título de Practicantes y ATS;Hombres;1974;20.903
Enfermeros con título de Practicantes y ATS;Hombres;1973;19.696
Enfermeros con título de Practicantes y ATS;Hombres;1972;18.993
Enfermeros con título de Practicantes y ATS;Hombres;1971;18.430
Enfermeros con título de Practicantes y ATS;Hombres;1970;18.163
Enfermeros con título de Practicantes y ATS;Hombres;1969;17.978
Enfermeros con título de Practicantes y ATS;Hombres;1968;17.895
Enfermeros con título de Practicantes y ATS;Hombres;1967;17.955
Enfermeros con título de Practicantes y ATS;Hombres;1966;17.907
Enfermeros con título de Practicantes y ATS;Hombres;1965;17.813
Enfermeros con título de Practicantes y ATS;Hombres;1964;17.842
Enfermeros con título de Practicantes y ATS;Hombres;1963;17.904
Enfermeros con título de Practicantes y ATS;Hombres;1962;18.056
Enfermeros con título de Practicantes y ATS;Hombres;1961;18.160
Enfermeros con título de Practicantes y ATS;Hombres;1960;18.268
Enfermeros con título de Practicantes y ATS;Hombres;1959;18.147
Enfermeros con título de Practicantes y ATS;Hombres;1958;18.113
Enfermeros con título de Practicantes y ATS;Hombres;1957;17.926
Enfermeros con título de Practicantes y ATS;Hombres;1956;17.902
Enfermeros con título de Practicantes y ATS;Hombres;1955;18.152
Enfermeros con título de Practicantes y ATS;Hombres;1954;17.882
Enfermeros con título de Practicantes y ATS;Hombres;1953;17.054
Enfermeros con título de Practicantes y ATS;Hombres;1952;..
Enfermeros con título de Practicantes y ATS;Mujeres;2021;..
Enfermeros con título de Practicantes y ATS;Mujeres;2020;..
Enfermeros con título de Practicantes y ATS;Mujeres;2019;..
Enfermeros con título de Practicantes y ATS;Mujeres;2018;..
Enfermeros con título de Practicantes y ATS;Mujeres;2017;..
Enfermeros con título de Practicantes y ATS;Mujeres;2016;..
Enfermeros con título de Practicantes y ATS;Mujeres;2015;..
Enfermeros con título de Practicantes y ATS;Mujeres;2014;..
Enfermeros con título de Practicantes y ATS;Mujeres;2013;..
Enfermeros con título de Practicantes y ATS;Mujeres;2012;..
Enfermeros con título de Practicantes y ATS;Mujeres;2011;..
Enfermeros con título de Practicantes y ATS;Mujeres;2010;..
Enfermeros con título de Practicantes y ATS;Mujeres;2009;..
Enfermeros con título de Practicantes y ATS;Mujeres;2008;..
Enfermeros con título de Practicantes y ATS;Mujeres;2007;..
Enfermeros con título de Practicantes y ATS;Mujeres;2006;..
Enfermeros con título de Practicantes y ATS;Mujeres;2005;..
Enfermeros con título de Practicantes y ATS;Mujeres;2004;..
Enfermeros con título de Practicantes y ATS;Mujeres;2003;..
Enfermeros con título de Practicantes y ATS;Mujeres;2002;..
Enfermeros con título de Practicantes y ATS;Mujeres;2001;..
Enfermeros con título de Practicantes y ATS;Mujeres;2000;..
Enfermeros con título de Practicantes y ATS;Mujeres;1999;..
Enfermeros con título de Practicantes y ATS;Mujeres;1998;..
Enfermeros con título de Practicantes y ATS;Mujeres;1997;..
Enfermeros con título de Practicantes y ATS;Mujeres;1996;..
Enfermeros con título de Practicantes y ATS;Mujeres;1995;..
Enfermeros con título de Practicantes y ATS;Mujeres;1994;..
Enfermeros con título de Practicantes y ATS;Mujeres;1993;..
Enfermeros con título de Practicantes y ATS;Mujeres;1992;..
Enfermeros con título de Practicantes y ATS;Mujeres;1991;..
Enfermeros con título de Practicantes y ATS;Mujeres;1990;..
Enfermeros con título de Practicantes y ATS;Mujeres;1989;..
Enfermeros con título de Practicantes y ATS;Mujeres;1988;..
Enfermeros con título de Practicantes y ATS;Mujeres;1987;..
Enfermeros con título de Practicantes y ATS;Mujeres;1986;..
Enfermeros con título de Practicantes y ATS;Mujeres;1985;..
Enfermeros con título de Practicantes y ATS;Mujeres;1984;..
Enfermeros con título de Practicantes y ATS;Mujeres;1983;..
Enfermeros con título de Practicantes y ATS;Mujeres;1982;..
Enfermeros con título de Practicantes y ATS;Mujeres;1981;..
Enfermeros con título de Practicantes y ATS;Mujeres;1980;..
Enfermeros con título de Practicantes y ATS;Mujeres;1979;..
Enfermeros con título de Practicantes y ATS;Mujeres;1978;..
Enfermeros con título de Practicantes y ATS;Mujeres;1977;..
Enfermeros con título de Practicantes y ATS;Mujeres;1976;11.989
Enfermeros con título de Practicantes y ATS;Mujeres;1975;..
Enfermeros con título de Practicantes y ATS;Mujeres;1974;7.093
Enfermeros con título de Practicantes y ATS;Mujeres;1973;6.027
Enfermeros con título de Practicantes y ATS;Mujeres;1972;5.476
Enfermeros con título de Practicantes y ATS;Mujeres;1971;4.953
Enfermeros con título de Practicantes y ATS;Mujeres;1970;4.471
Enfermeros con título de Practicantes y ATS;Mujeres;1969;4.255
Enfermeros con título de Practicantes y ATS;Mujeres;1968;4.054
Enfermeros con título de Practicantes y ATS;Mujeres;1967;3.898
Enfermeros con título de Practicantes y ATS;Mujeres;1966;3.851
Enfermeros con título de Practicantes y ATS;Mujeres;1965;3.755
Enfermeros con título de Practicantes y ATS;Mujeres;1964;3.719
Enfermeros con título de Practicantes y ATS;Mujeres;1963;3.654
Enfermeros con título de Practicantes y ATS;Mujeres;1962;3.717
Enfermeros con título de Practicantes y ATS;Mujeres;1961;3.655
Enfermeros con título de Practicantes y ATS;Mujeres;1960;3.626
Enfermeros con título de Practicantes y ATS;Mujeres;1959;3.785
Enfermeros con título de Practicantes y ATS;Mujeres;1958;3.837
Enfermeros con título de Practicantes y ATS;Mujeres;1957;3.813
Enfermeros con título de Practicantes y ATS;Mujeres;1956;3.887
Enfermeros con título de Practicantes y ATS;Mujeres;1955;3.567
Enfermeros con título de Practicantes y ATS;Mujeres;1954;3.557
Enfermeros con título de Practicantes y ATS;Mujeres;1953;3.448
Enfermeros con título de Practicantes y ATS;Mujeres;1952;..
Enfermeros con título de Fisioterapeuta;Total;2021;..
Enfermeros con título de Fisioterapeuta;Total;2020;..
Enfermeros con título de Fisioterapeuta;Total;2019;..
Enfermeros con título de Fisioterapeuta;Total;2018;..
Enfermeros con título de Fisioterapeuta;Total;2017;..
Enfermeros con título de Fisioterapeuta;Total;2016;..
Enfermeros con título de Fisioterapeuta;Total;2015;..
Enfermeros con título de Fisioterapeuta;Total;2014;..
Enfermeros con título de Fisioterapeuta;Total;2013;..
Enfermeros con título de Fisioterapeuta;Total;2012;..
Enfermeros con título de Fisioterapeuta;Total;2011;..
Enfermeros con título de Fisioterapeuta;Total;2010;..
Enfermeros con título de Fisioterapeuta;Total;2009;..
Enfermeros con título de Fisioterapeuta;Total;2008;..
Enfermeros con título de Fisioterapeuta;Total;2007;..
Enfermeros con título de Fisioterapeuta;Total;2006;..
Enfermeros con título de Fisioterapeuta;Total;2005;..
Enfermeros con título de Fisioterapeuta;Total;2004;..
Enfermeros con título de Fisioterapeuta;Total;2003;..
Enfermeros con título de Fisioterapeuta;Total;2002;..
Enfermeros con título de Fisioterapeuta;Total;2001;..
Enfermeros con título de Fisioterapeuta;Total;2000;1.721
Enfermeros con título de Fisioterapeuta;Total;1999;1.824
Enfermeros con título de Fisioterapeuta;Total;1998;2.129
Enfermeros con título de Fisioterapeuta;Total;1997;2.099
Enfermeros con título de Fisioterapeuta;Total;1996;1.883
Enfermeros con título de Fisioterapeuta;Total;1995;2.409
Enfermeros con título de Fisioterapeuta;Total;1994;2.331
Enfermeros con título de Fisioterapeuta;Total;1993;2.426
Enfermeros con título de Fisioterapeuta;Total;1992;2.661
Enfermeros con título de Fisioterapeuta;Total;1991;2.720
Enfermeros con título de Fisioterapeuta;Total;1990;2.905
Enfermeros con título de Fisioterapeuta;Total;1989;3.019
Enfermeros con título de Fisioterapeuta;Total;1988;2.950
Enfermeros con título de Fisioterapeuta;Total;1987;2.911
Enfermeros con título de Fisioterapeuta;Total;1986;2.956
Enfermeros con título de Fisioterapeuta;Total;1985;2.876
Enfermeros con título de Fisioterapeuta;Total;1984;2.962
Enfermeros con título de Fisioterapeuta;Total;1983;2.634
Enfermeros con título de Fisioterapeuta;Total;1982;2.648
Enfermeros con título de Fisioterapeuta;Total;1981;2.528
Enfermeros con título de Fisioterapeuta;Total;1980;2.419
Enfermeros con título de Fisioterapeuta;Total;1979;2.072
Enfermeros con título de Fisioterapeuta;Total;1978;..
Enfermeros con título de Fisioterapeuta;Total;1977;..
Enfermeros con título de Fisioterapeuta;Total;1976;..
Enfermeros con título de Fisioterapeuta;Total;1975;..
Enfermeros con título de Fisioterapeuta;Total;1974;..
Enfermeros con título de Fisioterapeuta;Total;1973;..
Enfermeros con título de Fisioterapeuta;Total;1972;..
Enfermeros con título de Fisioterapeuta;Total;1971;..
Enfermeros con título de Fisioterapeuta;Total;1970;..
Enfermeros con título de Fisioterapeuta;Total;1969;..
Enfermeros con título de Fisioterapeuta;Total;1968;..
Enfermeros con título de Fisioterapeuta;Total;1967;..
Enfermeros con título de Fisioterapeuta;Total;1966;..
Enfermeros con título de Fisioterapeuta;Total;1965;..
Enfermeros con título de Fisioterapeuta;Total;1964;..
Enfermeros con título de Fisioterapeuta;Total;1963;..
Enfermeros con título de Fisioterapeuta;Total;1962;..
Enfermeros con título de Fisioterapeuta;Total;1961;..
Enfermeros con título de Fisioterapeuta;Total;1960;..
Enfermeros con título de Fisioterapeuta;Total;1959;..
Enfermeros con título de Fisioterapeuta;Total;1958;..
Enfermeros con título de Fisioterapeuta;Total;1957;..
Enfermeros con título de Fisioterapeuta;Total;1956;..
Enfermeros con título de Fisioterapeuta;Total;1955;..
Enfermeros con título de Fisioterapeuta;Total;1954;..
Enfermeros con título de Fisioterapeuta;Total;1953;..
Enfermeros con título de Fisioterapeuta;Total;1952;..
Enfermeros con título de Fisioterapeuta;Hombres;2021;..
Enfermeros con título de Fisioterapeuta;Hombres;2020;..
Enfermeros con título de Fisioterapeuta;Hombres;2019;..
Enfermeros con título de Fisioterapeuta;Hombres;2018;..
Enfermeros con título de Fisioterapeuta;Hombres;2017;..
Enfermeros con título de Fisioterapeuta;Hombres;2016;..
Enfermeros con título de Fisioterapeuta;Hombres;2015;..
Enfermeros con título de Fisioterapeuta;Hombres;2014;..
Enfermeros con título de Fisioterapeuta;Hombres;2013;..
Enfermeros con título de Fisioterapeuta;Hombres;2012;..
Enfermeros con título de Fisioterapeuta;Hombres;2011;..
Enfermeros con título de Fisioterapeuta;Hombres;2010;..
Enfermeros con título de Fisioterapeuta;Hombres;2009;..
Enfermeros con título de Fisioterapeuta;Hombres;2008;..
Enfermeros con título de Fisioterapeuta;Hombres;2007;..
Enfermeros con título de Fisioterapeuta;Hombres;2006;..
Enfermeros con título de Fisioterapeuta;Hombres;2005;..
Enfermeros con título de Fisioterapeuta;Hombres;2004;..
Enfermeros con título de Fisioterapeuta;Hombres;2003;..
Enfermeros con título de Fisioterapeuta;Hombres;2002;..
Enfermeros con título de Fisioterapeuta;Hombres;2001;..
Enfermeros con título de Fisioterapeuta;Hombres;2000;804
Enfermeros con título de Fisioterapeuta;Hombres;1999;875
Enfermeros con título de Fisioterapeuta;Hombres;1998;973
Enfermeros con título de Fisioterapeuta;Hombres;1997;965
Enfermeros con título de Fisioterapeuta;Hombres;1996;894
Enfermeros con título de Fisioterapeuta;Hombres;1995;1.094
Enfermeros con título de Fisioterapeuta;Hombres;1994;1.047
Enfermeros con título de Fisioterapeuta;Hombres;1993;1.130
Enfermeros con título de Fisioterapeuta;Hombres;1992;1.237
Enfermeros con título de Fisioterapeuta;Hombres;1991;1.302
Enfermeros con título de Fisioterapeuta;Hombres;1990;1.365
Enfermeros con título de Fisioterapeuta;Hombres;1989;1.437
Enfermeros con título de Fisioterapeuta;Hombres;1988;1.413
Enfermeros con título de Fisioterapeuta;Hombres;1987;1.404
Enfermeros con título de Fisioterapeuta;Hombres;1986;1.433
Enfermeros con título de Fisioterapeuta;Hombres;1985;1.423
Enfermeros con título de Fisioterapeuta;Hombres;1984;1.498
Enfermeros con título de Fisioterapeuta;Hombres;1983;1.303
Enfermeros con título de Fisioterapeuta;Hombres;1982;1.381
Enfermeros con título de Fisioterapeuta;Hombres;1981;1.285
Enfermeros con título de Fisioterapeuta;Hombres;1980;1.211
Enfermeros con título de Fisioterapeuta;Hombres;1979;1.098
Enfermeros con título de Fisioterapeuta;Hombres;1978;..
Enfermeros con título de Fisioterapeuta;Hombres;1977;..
Enfermeros con título de Fisioterapeuta;Hombres;1976;..
Enfermeros con título de Fisioterapeuta;Hombres;1975;..
Enfermeros con título de Fisioterapeuta;Hombres;1974;..
Enfermeros con título de Fisioterapeuta;Hombres;1973;..
Enfermeros con título de Fisioterapeuta;Hombres;1972;..
Enfermeros con título de Fisioterapeuta;Hombres;1971;..
Enfermeros con título de Fisioterapeuta;Hombres;1970;..
Enfermeros con título de Fisioterapeuta;Hombres;1969;..
Enfermeros con título de Fisioterapeuta;Hombres;1968;..
Enfermeros con título de Fisioterapeuta;Hombres;1967;..
Enfermeros con título de Fisioterapeuta;Hombres;1966;..
Enfermeros con título de Fisioterapeuta;Hombres;1965;..
Enfermeros con título de Fisioterapeuta;Hombres;1964;..
Enfermeros con título de Fisioterapeuta;Hombres;1963;..
Enfermeros con título de Fisioterapeuta;Hombres;1962;..
Enfermeros con título de Fisioterapeuta;Hombres;1961;..
Enfermeros con título de Fisioterapeuta;Hombres;1960;..
Enfermeros con título de Fisioterapeuta;Hombres;1959;..
Enfermeros con título de Fisioterapeuta;Hombres;1958;..
Enfermeros con título de Fisioterapeuta;Hombres;1957;..
Enfermeros con título de Fisioterapeuta;Hombres;1956;..
Enfermeros con título de Fisioterapeuta;Hombres;1955;..
Enfermeros con título de Fisioterapeuta;Hombres;1954;..
Enfermeros con título de Fisioterapeuta;Hombres;1953;..
Enfermeros con título de Fisioterapeuta;Hombres;1952;..
Enfermeros con título de Fisioterapeuta;Mujeres;2021;..
Enfermeros con título de Fisioterapeuta;Mujeres;2020;..
Enfermeros con título de Fisioterapeuta;Mujeres;2019;..
Enfermeros con título de Fisioterapeuta;Mujeres;2018;..
Enfermeros con título de Fisioterapeuta;Mujeres;2017;..
Enfermeros con título de Fisioterapeuta;Mujeres;2016;..
Enfermeros con título de Fisioterapeuta;Mujeres;2015;..
Enfermeros con título de Fisioterapeuta;Mujeres;2014;..
Enfermeros con título de Fisioterapeuta;Mujeres;2013;..
Enfermeros con título de Fisioterapeuta;Mujeres;2012;..
Enfermeros con título de Fisioterapeuta;Mujeres;2011;..
Enfermeros con título de Fisioterapeuta;Mujeres;2010;..
Enfermeros con título de Fisioterapeuta;Mujeres;2009;..
Enfermeros con título de Fisioterapeuta;Mujeres;2008;..
Enfermeros con título de Fisioterapeuta;Mujeres;2007;..
Enfermeros con título de Fisioterapeuta;Mujeres;2006;..
Enfermeros con título de Fisioterapeuta;Mujeres;2005;..
Enfermeros con título de Fisioterapeuta;Mujeres;2004;..
Enfermeros con título de Fisioterapeuta;Mujeres;2003;..
Enfermeros con título de Fisioterapeuta;Mujeres;2002;..
Enfermeros con título de Fisioterapeuta;Mujeres;2001;..
Enfermeros con título de Fisioterapeuta;Mujeres;2000;917
Enfermeros con título de Fisioterapeuta;Mujeres;1999;949
Enfermeros con título de Fisioterapeuta;Mujeres;1998;1.156
Enfermeros con título de Fisioterapeuta;Mujeres;1997;1.134
Enfermeros con título de Fisioterapeuta;Mujeres;1996;989
Enfermeros con título de Fisioterapeuta;Mujeres;1995;1.315
Enfermeros con título de Fisioterapeuta;Mujeres;1994;1.284
Enfermeros con título de Fisioterapeuta;Mujeres;1993;1.296
Enfermeros con título de Fisioterapeuta;Mujeres;1992;1.424
Enfermeros con título de Fisioterapeuta;Mujeres;1991;1.418
Enfermeros con título de Fisioterapeuta;Mujeres;1990;1.540
Enfermeros con título de Fisioterapeuta;Mujeres;1989;1.582
Enfermeros con título de Fisioterapeuta;Mujeres;1988;1.537
Enfermeros con título de Fisioterapeuta;Mujeres;1987;1.507
Enfermeros con título de Fisioterapeuta;Mujeres;1986;1.523
Enfermeros con título de Fisioterapeuta;Mujeres;1985;1.453
Enfermeros con título de Fisioterapeuta;Mujeres;1984;1.464
Enfermeros con título de Fisioterapeuta;Mujeres;1983;1.331
Enfermeros con título de Fisioterapeuta;Mujeres;1982;1.267
Enfermeros con título de Fisioterapeuta;Mujeres;1981;1.243
Enfermeros con título de Fisioterapeuta;Mujeres;1980;1.208
Enfermeros con título de Fisioterapeuta;Mujeres;1979;974
Enfermeros con título de Fisioterapeuta;Mujeres;1978;..
Enfermeros con título de Fisioterapeuta;Mujeres;1977;..
Enfermeros con título de Fisioterapeuta;Mujeres;1976;..
Enfermeros con título de Fisioterapeuta;Mujeres;1975;..
Enfermeros con título de Fisioterapeuta;Mujeres;1974;..
Enfermeros con título de Fisioterapeuta;Mujeres;1973;..
Enfermeros con título de Fisioterapeuta;Mujeres;1972;..
Enfermeros con título de Fisioterapeuta;Mujeres;1971;..
Enfermeros con título de Fisioterapeuta;Mujeres;1970;..
Enfermeros con título de Fisioterapeuta;Mujeres;1969;..
Enfermeros con título de Fisioterapeuta;Mujeres;1968;..
Enfermeros con título de Fisioterapeuta;Mujeres;1967;..
Enfermeros con título de Fisioterapeuta;Mujeres;1966;..
Enfermeros con título de Fisioterapeuta;Mujeres;1965;..
Enfermeros con título de Fisioterapeuta;Mujeres;1964;..
Enfermeros con título de Fisioterapeuta;Mujeres;1963;..
Enfermeros con título de Fisioterapeuta;Mujeres;1962;..
Enfermeros con título de Fisioterapeuta;Mujeres;1961;..
Enfermeros con título de Fisioterapeuta;Mujeres;1960;..
Enfermeros con título de Fisioterapeuta;Mujeres;1959;..
Enfermeros con título de Fisioterapeuta;Mujeres;1958;..
Enfermeros con título de Fisioterapeuta;Mujeres;1957;..
Enfermeros con título de Fisioterapeuta;Mujeres;1956;..
Enfermeros con título de Fisioterapeuta;Mujeres;1955;..
Enfermeros con título de Fisioterapeuta;Mujeres;1954;..
Enfermeros con título de Fisioterapeuta;Mujeres;1953;..
Enfermeros con título de Fisioterapeuta;Mujeres;1952;..
Enfermeros con título  de Análisis Clínico;Total;2021;..
Enfermeros con título  de Análisis Clínico;Total;2020;..
Enfermeros con título  de Análisis Clínico;Total;2019;..
Enfermeros con título  de Análisis Clínico;Total;2018;..
Enfermeros con título  de Análisis Clínico;Total;2017;..
Enfermeros con título  de Análisis Clínico;Total;2016;..
Enfermeros con título  de Análisis Clínico;Total;2015;..
Enfermeros con título  de Análisis Clínico;Total;2014;..
Enfermeros con título  de Análisis Clínico;Total;2013;..
Enfermeros con título  de Análisis Clínico;Total;2012;..
Enfermeros con título  de Análisis Clínico;Total;2011;..
Enfermeros con título  de Análisis Clínico;Total;2010;..
Enfermeros con título  de Análisis Clínico;Total;2009;..
Enfermeros con título  de Análisis Clínico;Total;2008;..
Enfermeros con título  de Análisis Clínico;Total;2007;..
Enfermeros con título  de Análisis Clínico;Total;2006;..
Enfermeros con título  de Análisis Clínico;Total;2005;..
Enfermeros con título  de Análisis Clínico;Total;2004;..
Enfermeros con título  de Análisis Clínico;Total;2003;..
Enfermeros con título  de Análisis Clínico;Total;2002;..
Enfermeros con título  de Análisis Clínico;Total;2001;..
Enfermeros con título  de Análisis Clínico;Total;2000;2.191
Enfermeros con título  de Análisis Clínico;Total;1999;1.115
Enfermeros con título  de Análisis Clínico;Total;1998;1.488
Enfermeros con título  de Análisis Clínico;Total;1997;1.413
Enfermeros con título  de Análisis Clínico;Total;1996;1.247
Enfermeros con título  de Análisis Clínico;Total;1995;1.474
Enfermeros con título  de Análisis Clínico;Total;1994;1.489
Enfermeros con título  de Análisis Clínico;Total;1993;1.534
Enfermeros con título  de Análisis Clínico;Total;1992;1.548
Enfermeros con título  de Análisis Clínico;Total;1991;..
Enfermeros con título  de Análisis Clínico;Total;1990;..
Enfermeros con título  de Análisis Clínico;Total;1989;..
Enfermeros con título  de Análisis Clínico;Total;1988;..
Enfermeros con título  de Análisis Clínico;Total;1987;..
Enfermeros con título  de Análisis Clínico;Total;1986;..
Enfermeros con título  de Análisis Clínico;Total;1985;..
Enfermeros con título  de Análisis Clínico;Total;1984;..
Enfermeros con título  de Análisis Clínico;Total;1983;..
Enfermeros con título  de Análisis Clínico;Total;1982;..
Enfermeros con título  de Análisis Clínico;Total;1981;..
Enfermeros con título  de Análisis Clínico;Total;1980;..
Enfermeros con título  de Análisis Clínico;Total;1979;..
Enfermeros con título  de Análisis Clínico;Total;1978;..
Enfermeros con título  de Análisis Clínico;Total;1977;..
Enfermeros con título  de Análisis Clínico;Total;1976;..
Enfermeros con título  de Análisis Clínico;Total;1975;..
Enfermeros con título  de Análisis Clínico;Total;1974;..
Enfermeros con título  de Análisis Clínico;Total;1973;..
Enfermeros con título  de Análisis Clínico;Total;1972;..
Enfermeros con título  de Análisis Clínico;Total;1971;..
Enfermeros con título  de Análisis Clínico;Total;1970;..
Enfermeros con título  de Análisis Clínico;Total;1969;..
Enfermeros con título  de Análisis Clínico;Total;1968;..
Enfermeros con título  de Análisis Clínico;Total;1967;..
Enfermeros con título  de Análisis Clínico;Total;1966;..
Enfermeros con título  de Análisis Clínico;Total;1965;..
Enfermeros con título  de Análisis Clínico;Total;1964;..
Enfermeros con título  de Análisis Clínico;Total;1963;..
Enfermeros con título  de Análisis Clínico;Total;1962;..
Enfermeros con título  de Análisis Clínico;Total;1961;..
Enfermeros con título  de Análisis Clínico;Total;1960;..
Enfermeros con título  de Análisis Clínico;Total;1959;..
Enfermeros con título  de Análisis Clínico;Total;1958;..
Enfermeros con título  de Análisis Clínico;Total;1957;..
Enfermeros con título  de Análisis Clínico;Total;1956;..
Enfermeros con título  de Análisis Clínico;Total;1955;..
Enfermeros con título  de Análisis Clínico;Total;1954;..
Enfermeros con título  de Análisis Clínico;Total;1953;..
Enfermeros con título  de Análisis Clínico;Total;1952;..
Enfermeros con título  de Análisis Clínico;Hombres;2021;..
Enfermeros con título  de Análisis Clínico;Hombres;2020;..
Enfermeros con título  de Análisis Clínico;Hombres;2019;..
Enfermeros con título  de Análisis Clínico;Hombres;2018;..
Enfermeros con título  de Análisis Clínico;Hombres;2017;..
Enfermeros con título  de Análisis Clínico;Hombres;2016;..
Enfermeros con título  de Análisis Clínico;Hombres;2015;..
Enfermeros con título  de Análisis Clínico;Hombres;2014;..
Enfermeros con título  de Análisis Clínico;Hombres;2013;..
Enfermeros con título  de Análisis Clínico;Hombres;2012;..
Enfermeros con título  de Análisis Clínico;Hombres;2011;..
Enfermeros con título  de Análisis Clínico;Hombres;2010;..
Enfermeros con título  de Análisis Clínico;Hombres;2009;..
Enfermeros con título  de Análisis Clínico;Hombres;2008;..
Enfermeros con título  de Análisis Clínico;Hombres;2007;..
Enfermeros con título  de Análisis Clínico;Hombres;2006;..
Enfermeros con título  de Análisis Clínico;Hombres;2005;..
Enfermeros con título  de Análisis Clínico;Hombres;2004;..
Enfermeros con título  de Análisis Clínico;Hombres;2003;..
Enfermeros con título  de Análisis Clínico;Hombres;2002;..
Enfermeros con título  de Análisis Clínico;Hombres;2001;..
Enfermeros con título  de Análisis Clínico;Hombres;2000;667
Enfermeros con título  de Análisis Clínico;Hombres;1999;255
Enfermeros con título  de Análisis Clínico;Hombres;1998;388
Enfermeros con título  de Análisis Clínico;Hombres;1997;381
Enfermeros con título  de Análisis Clínico;Hombres;1996;378
Enfermeros con título  de Análisis Clínico;Hombres;1995;404
Enfermeros con título  de Análisis Clínico;Hombres;1994;401
Enfermeros con título  de Análisis Clínico;Hombres;1993;368
Enfermeros con título  de Análisis Clínico;Hombres;1992;381
Enfermeros con título  de Análisis Clínico;Hombres;1991;..
Enfermeros con título  de Análisis Clínico;Hombres;1990;..
Enfermeros con título  de Análisis Clínico;Hombres;1989;..
Enfermeros con título  de Análisis Clínico;Hombres;1988;..
Enfermeros con título  de Análisis Clínico;Hombres;1987;..
Enfermeros con título  de Análisis Clínico;Hombres;1986;..
Enfermeros con título  de Análisis Clínico;Hombres;1985;..
Enfermeros con título  de Análisis Clínico;Hombres;1984;..
Enfermeros con título  de Análisis Clínico;Hombres;1983;..
Enfermeros con título  de Análisis Clínico;Hombres;1982;..
Enfermeros con título  de Análisis Clínico;Hombres;1981;..
Enfermeros con título  de Análisis Clínico;Hombres;1980;..
Enfermeros con título  de Análisis Clínico;Hombres;1979;..
Enfermeros con título  de Análisis Clínico;Hombres;1978;..
Enfermeros con título  de Análisis Clínico;Hombres;1977;..
Enfermeros con título  de Análisis Clínico;Hombres;1976;..
Enfermeros con título  de Análisis Clínico;Hombres;1975;..
Enfermeros con título  de Análisis Clínico;Hombres;1974;..
Enfermeros con título  de Análisis Clínico;Hombres;1973;..
Enfermeros con título  de Análisis Clínico;Hombres;1972;..
Enfermeros con título  de Análisis Clínico;Hombres;1971;..
Enfermeros con título  de Análisis Clínico;Hombres;1970;..
Enfermeros con título  de Análisis Clínico;Hombres;1969;..
Enfermeros con título  de Análisis Clínico;Hombres;1968;..
Enfermeros con título  de Análisis Clínico;Hombres;1967;..
Enfermeros con título  de Análisis Clínico;Hombres;1966;..
Enfermeros con título  de Análisis Clínico;Hombres;1965;..
Enfermeros con título  de Análisis Clínico;Hombres;1964;..
Enfermeros con título  de Análisis Clínico;Hombres;1963;..
Enfermeros con título  de Análisis Clínico;Hombres;1962;..
Enfermeros con título  de Análisis Clínico;Hombres;1961;..
Enfermeros con título  de Análisis Clínico;Hombres;1960;..
Enfermeros con título  de Análisis Clínico;Hombres;1959;..
Enfermeros con título  de Análisis Clínico;Hombres;1958;..
Enfermeros con título  de Análisis Clínico;Hombres;1957;..
Enfermeros con título  de Análisis Clínico;Hombres;1956;..
Enfermeros con título  de Análisis Clínico;Hombres;1955;..
Enfermeros con título  de Análisis Clínico;Hombres;1954;..
Enfermeros con título  de Análisis Clínico;Hombres;1953;..
Enfermeros con título  de Análisis Clínico;Hombres;1952;..
Enfermeros con título  de Análisis Clínico;Mujeres;2021;..
Enfermeros con título  de Análisis Clínico;Mujeres;2020;..
Enfermeros con título  de Análisis Clínico;Mujeres;2019;..
Enfermeros con título  de Análisis Clínico;Mujeres;2018;..
Enfermeros con título  de Análisis Clínico;Mujeres;2017;..
Enfermeros con título  de Análisis Clínico;Mujeres;2016;..
Enfermeros con título  de Análisis Clínico;Mujeres;2015;..
Enfermeros con título  de Análisis Clínico;Mujeres;2014;..
Enfermeros con título  de Análisis Clínico;Mujeres;2013;..
Enfermeros con título  de Análisis Clínico;Mujeres;2012;..
Enfermeros con título  de Análisis Clínico;Mujeres;2011;..
Enfermeros con título  de Análisis Clínico;Mujeres;2010;..
Enfermeros con título  de Análisis Clínico;Mujeres;2009;..
Enfermeros con título  de Análisis Clínico;Mujeres;2008;..
Enfermeros con título  de Análisis Clínico;Mujeres;2007;..
Enfermeros con título  de Análisis Clínico;Mujeres;2006;..
Enfermeros con título  de Análisis Clínico;Mujeres;2005;..
Enfermeros con título  de Análisis Clínico;Mujeres;2004;..
Enfermeros con título  de Análisis Clínico;Mujeres;2003;..
Enfermeros con título  de Análisis Clínico;Mujeres;2002;..
Enfermeros con título  de Análisis Clínico;Mujeres;2001;..
Enfermeros con título  de Análisis Clínico;Mujeres;2000;1.524
Enfermeros con título  de Análisis Clínico;Mujeres;1999;860
Enfermeros con título  de Análisis Clínico;Mujeres;1998;1.100
Enfermeros con título  de Análisis Clínico;Mujeres;1997;1.032
Enfermeros con título  de Análisis Clínico;Mujeres;1996;869
Enfermeros con título  de Análisis Clínico;Mujeres;1995;1.070
Enfermeros con título  de Análisis Clínico;Mujeres;1994;1.088
Enfermeros con título  de Análisis Clínico;Mujeres;1993;1.166
Enfermeros con título  de Análisis Clínico;Mujeres;1992;1.167
Enfermeros con título  de Análisis Clínico;Mujeres;1991;..
Enfermeros con título  de Análisis Clínico;Mujeres;1990;..
Enfermeros con título  de Análisis Clínico;Mujeres;1989;..
Enfermeros con título  de Análisis Clínico;Mujeres;1988;..
Enfermeros con título  de Análisis Clínico;Mujeres;1987;..
Enfermeros con título  de Análisis Clínico;Mujeres;1986;..
Enfermeros con título  de Análisis Clínico;Mujeres;1985;..
Enfermeros con título  de Análisis Clínico;Mujeres;1984;..
Enfermeros con título  de Análisis Clínico;Mujeres;1983;..
Enfermeros con título  de Análisis Clínico;Mujeres;1982;..
Enfermeros con título  de Análisis Clínico;Mujeres;1981;..
Enfermeros con título  de Análisis Clínico;Mujeres;1980;..
Enfermeros con título  de Análisis Clínico;Mujeres;1979;..
Enfermeros con título  de Análisis Clínico;Mujeres;1978;..
Enfermeros con título  de Análisis Clínico;Mujeres;1977;..
Enfermeros con título  de Análisis Clínico;Mujeres;1976;..
Enfermeros con título  de Análisis Clínico;Mujeres;1975;..
Enfermeros con título  de Análisis Clínico;Mujeres;1974;..
Enfermeros con título  de Análisis Clínico;Mujeres;1973;..
Enfermeros con título  de Análisis Clínico;Mujeres;1972;..
Enfermeros con título  de Análisis Clínico;Mujeres;1971;..
Enfermeros con título  de Análisis Clínico;Mujeres;1970;..
Enfermeros con título  de Análisis Clínico;Mujeres;1969;..
Enfermeros con título  de Análisis Clínico;Mujeres;1968;..
Enfermeros con título  de Análisis Clínico;Mujeres;1967;..
Enfermeros con título  de Análisis Clínico;Mujeres;1966;..
Enfermeros con título  de Análisis Clínico;Mujeres;1965;..
Enfermeros con título  de Análisis Clínico;Mujeres;1964;..
Enfermeros con título  de Análisis Clínico;Mujeres;1963;..
Enfermeros con título  de Análisis Clínico;Mujeres;1962;..
Enfermeros con título  de Análisis Clínico;Mujeres;1961;..
Enfermeros con título  de Análisis Clínico;Mujeres;1960;..
Enfermeros con título  de Análisis Clínico;Mujeres;1959;..
Enfermeros con título  de Análisis Clínico;Mujeres;1958;..
Enfermeros con título  de Análisis Clínico;Mujeres;1957;..
Enfermeros con título  de Análisis Clínico;Mujeres;1956;..
Enfermeros con título  de Análisis Clínico;Mujeres;1955;..
Enfermeros con título  de Análisis Clínico;Mujeres;1954;..
Enfermeros con título  de Análisis Clínico;Mujeres;1953;..
Enfermeros con título  de Análisis Clínico;Mujeres;1952;..
Enfermeros con título de Radiología;Total;2021;..
Enfermeros con título de Radiología;Total;2020;..
Enfermeros con título de Radiología;Total;2019;..
Enfermeros con título de Radiología;Total;2018;..
Enfermeros con título de Radiología;Total;2017;..
Enfermeros con título de Radiología;Total;2016;..
Enfermeros con título de Radiología;Total;2015;..
Enfermeros con título de Radiología;Total;2014;..
Enfermeros con título de Radiología;Total;2013;..
Enfermeros con título de Radiología;Total;2012;..
Enfermeros con título de Radiología;Total;2011;..
Enfermeros con título de Radiología;Total;2010;..
Enfermeros con título de Radiología;Total;2009;..
Enfermeros con título de Radiología;Total;2008;..
Enfermeros con título de Radiología;Total;2007;..
Enfermeros con título de Radiología;Total;2006;..
Enfermeros con título de Radiología;Total;2005;..
Enfermeros con título de Radiología;Total;2004;..
Enfermeros con título de Radiología;Total;2003;..
Enfermeros con título de Radiología;Total;2002;..
Enfermeros con título de Radiología;Total;2001;..
Enfermeros con título de Radiología;Total;2000;2.889
Enfermeros con título de Radiología;Total;1999;2.233
Enfermeros con título de Radiología;Total;1998;2.811
Enfermeros con título de Radiología;Total;1997;2.506
Enfermeros con título de Radiología;Total;1996;2.082
Enfermeros con título de Radiología;Total;1995;2.653
Enfermeros con título de Radiología;Total;1994;2.456
Enfermeros con título de Radiología;Total;1993;2.604
Enfermeros con título de Radiología;Total;1992;2.345
Enfermeros con título de Radiología;Total;1991;..
Enfermeros con título de Radiología;Total;1990;..
Enfermeros con título de Radiología;Total;1989;..
Enfermeros con título de Radiología;Total;1988;..
Enfermeros con título de Radiología;Total;1987;..
Enfermeros con título de Radiología;Total;1986;..
Enfermeros con título de Radiología;Total;1985;..
Enfermeros con título de Radiología;Total;1984;..
Enfermeros con título de Radiología;Total;1983;..
Enfermeros con título de Radiología;Total;1982;..
Enfermeros con título de Radiología;Total;1981;..
Enfermeros con título de Radiología;Total;1980;..
Enfermeros con título de Radiología;Total;1979;..
Enfermeros con título de Radiología;Total;1978;..
Enfermeros con título de Radiología;Total;1977;..
Enfermeros con título de Radiología;Total;1976;..
Enfermeros con título de Radiología;Total;1975;..
Enfermeros con título de Radiología;Total;1974;..
Enfermeros con título de Radiología;Total;1973;..
Enfermeros con título de Radiología;Total;1972;..
Enfermeros con título de Radiología;Total;1971;..
Enfermeros con título de Radiología;Total;1970;..
Enfermeros con título de Radiología;Total;1969;..
Enfermeros con título de Radiología;Total;1968;..
Enfermeros con título de Radiología;Total;1967;..
Enfermeros con título de Radiología;Total;1966;..
Enfermeros con título de Radiología;Total;1965;..
Enfermeros con título de Radiología;Total;1964;..
Enfermeros con título de Radiología;Total;1963;..
Enfermeros con título de Radiología;Total;1962;..
Enfermeros con título de Radiología;Total;1961;..
Enfermeros con título de Radiología;Total;1960;..
Enfermeros con título de Radiología;Total;1959;..
Enfermeros con título de Radiología;Total;1958;..
Enfermeros con título de Radiología;Total;1957;..
Enfermeros con título de Radiología;Total;1956;..
Enfermeros con título de Radiología;Total;1955;..
Enfermeros con título de Radiología;Total;1954;..
Enfermeros con título de Radiología;Total;1953;..
Enfermeros con título de Radiología;Total;1952;..
Enfermeros con título de Radiología;Hombres;2021;..
Enfermeros con título de Radiología;Hombres;2020;..
Enfermeros con título de Radiología;Hombres;2019;..
Enfermeros con título de Radiología;Hombres;2018;..
Enfermeros con título de Radiología;Hombres;2017;..
Enfermeros con título de Radiología;Hombres;2016;..
Enfermeros con título de Radiología;Hombres;2015;..
Enfermeros con título de Radiología;Hombres;2014;..
Enfermeros con título de Radiología;Hombres;2013;..
Enfermeros con título de Radiología;Hombres;2012;..
Enfermeros con título de Radiología;Hombres;2011;..
Enfermeros con título de Radiología;Hombres;2010;..
Enfermeros con título de Radiología;Hombres;2009;..
Enfermeros con título de Radiología;Hombres;2008;..
Enfermeros con título de Radiología;Hombres;2007;..
Enfermeros con título de Radiología;Hombres;2006;..
Enfermeros con título de Radiología;Hombres;2005;..
Enfermeros con título de Radiología;Hombres;2004;..
Enfermeros con título de Radiología;Hombres;2003;..
Enfermeros con título de Radiología;Hombres;2002;..
Enfermeros con título de Radiología;Hombres;2001;..
Enfermeros con título de Radiología;Hombres;2000;995
Enfermeros con título de Radiología;Hombres;1999;828
Enfermeros con título de Radiología;Hombres;1998;1.097
Enfermeros con título de Radiología;Hombres;1997;991
Enfermeros con título de Radiología;Hombres;1996;843
Enfermeros con título de Radiología;Hombres;1995;1.170
Enfermeros con título de Radiología;Hombres;1994;1.158
Enfermeros con título de Radiología;Hombres;1993;1.024
Enfermeros con título de Radiología;Hombres;1992;973
Enfermeros con título de Radiología;Hombres;1991;..
Enfermeros con título de Radiología;Hombres;1990;..
Enfermeros con título de Radiología;Hombres;1989;..
Enfermeros con título de Radiología;Hombres;1988;..
Enfermeros con título de Radiología;Hombres;1987;..
Enfermeros con título de Radiología;Hombres;1986;..
Enfermeros con título de Radiología;Hombres;1985;..
Enfermeros con título de Radiología;Hombres;1984;..
Enfermeros con título de Radiología;Hombres;1983;..
Enfermeros con título de Radiología;Hombres;1982;..
Enfermeros con título de Radiología;Hombres;1981;..
Enfermeros con título de Radiología;Hombres;1980;..
Enfermeros con título de Radiología;Hombres;1979;..
Enfermeros con título de Radiología;Hombres;1978;..
Enfermeros con título de Radiología;Hombres;1977;..
Enfermeros con título de Radiología;Hombres;1976;..
Enfermeros con título de Radiología;Hombres;1975;..
Enfermeros con título de Radiología;Hombres;1974;..
Enfermeros con título de Radiología;Hombres;1973;..
Enfermeros con título de Radiología;Hombres;1972;..
Enfermeros con título de Radiología;Hombres;1971;..
Enfermeros con título de Radiología;Hombres;1970;..
Enfermeros con título de Radiología;Hombres;1969;..
Enfermeros con título de Radiología;Hombres;1968;..
Enfermeros con título de Radiología;Hombres;1967;..
Enfermeros con título de Radiología;Hombres;1966;..
Enfermeros con título de Radiología;Hombres;1965;..
Enfermeros con título de Radiología;Hombres;1964;..
Enfermeros con título de Radiología;Hombres;1963;..
Enfermeros con título de Radiología;Hombres;1962;..
Enfermeros con título de Radiología;Hombres;1961;..
Enfermeros con título de Radiología;Hombres;1960;..
Enfermeros con título de Radiología;Hombres;1959;..
Enfermeros con título de Radiología;Hombres;1958;..
Enfermeros con título de Radiología;Hombres;1957;..
Enfermeros con título de Radiología;Hombres;1956;..
Enfermeros con título de Radiología;Hombres;1955;..
Enfermeros con título de Radiología;Hombres;1954;..
Enfermeros con título de Radiología;Hombres;1953;..
Enfermeros con título de Radiología;Hombres;1952;..
Enfermeros con título de Radiología;Mujeres;2021;..
Enfermeros con título de Radiología;Mujeres;2020;..
Enfermeros con título de Radiología;Mujeres;2019;..
Enfermeros con título de Radiología;Mujeres;2018;..
Enfermeros con título de Radiología;Mujeres;2017;..
Enfermeros con título de Radiología;Mujeres;2016;..
Enfermeros con título de Radiología;Mujeres;2015;..
Enfermeros con título de Radiología;Mujeres;2014;..
Enfermeros con título de Radiología;Mujeres;2013;..
Enfermeros con título de Radiología;Mujeres;2012;..
Enfermeros con título de Radiología;Mujeres;2011;..
Enfermeros con título de Radiología;Mujeres;2010;..
Enfermeros con título de Radiología;Mujeres;2009;..
Enfermeros con título de Radiología;Mujeres;2008;..
Enfermeros con título de Radiología;Mujeres;2007;..
Enfermeros con título de Radiología;Mujeres;2006;..
Enfermeros con título de Radiología;Mujeres;2005;..
Enfermeros con título de Radiología;Mujeres;2004;..
Enfermeros con título de Radiología;Mujeres;2003;..
Enfermeros con título de Radiología;Mujeres;2002;..
Enfermeros con título de Radiología;Mujeres;2001;..
Enfermeros con título de Radiología;Mujeres;2000;1.894
Enfermeros con título de Radiología;Mujeres;1999;1.405
Enfermeros con título de Radiología;Mujeres;1998;1.714
Enfermeros con título de Radiología;Mujeres;1997;1.515
Enfermeros con título de Radiología;Mujeres;1996;1.239
Enfermeros con título de Radiología;Mujeres;1995;1.483
Enfermeros con título de Radiología;Mujeres;1994;1.298
Enfermeros con título de Radiología;Mujeres;1993;1.580
Enfermeros con título de Radiología;Mujeres;1992;1.372
Enfermeros con título de Radiología;Mujeres;1991;..
Enfermeros con título de Radiología;Mujeres;1990;..
Enfermeros con título de Radiología;Mujeres;1989;..
Enfermeros con título de Radiología;Mujeres;1988;..
Enfermeros con título de Radiología;Mujeres;1987;..
Enfermeros con título de Radiología;Mujeres;1986;..
Enfermeros con título de Radiología;Mujeres;1985;..
Enfermeros con título de Radiología;Mujeres;1984;..
Enfermeros con título de Radiología;Mujeres;1983;..
Enfermeros con título de Radiología;Mujeres;1982;..
Enfermeros con título de Radiología;Mujeres;1981;..
Enfermeros con título de Radiología;Mujeres;1980;..
Enfermeros con título de Radiología;Mujeres;1979;..
Enfermeros con título de Radiología;Mujeres;1978;..
Enfermeros con título de Radiología;Mujeres;1977;..
Enfermeros con título de Radiología;Mujeres;1976;..
Enfermeros con título de Radiología;Mujeres;1975;..
Enfermeros con título de Radiología;Mujeres;1974;..
Enfermeros con título de Radiología;Mujeres;1973;..
Enfermeros con título de Radiología;Mujeres;1972;..
Enfermeros con título de Radiología;Mujeres;1971;..
Enfermeros con título de Radiología;Mujeres;1970;..
Enfermeros con título de Radiología;Mujeres;1969;..
Enfermeros con título de Radiología;Mujeres;1968;..
Enfermeros con título de Radiología;Mujeres;1967;..
Enfermeros con título de Radiología;Mujeres;1966;..
Enfermeros con título de Radiología;Mujeres;1965;..
Enfermeros con título de Radiología;Mujeres;1964;..
Enfermeros con título de Radiología;Mujeres;1963;..
Enfermeros con título de Radiología;Mujeres;1962;..
Enfermeros con título de Radiología;Mujeres;1961;..
Enfermeros con título de Radiología;Mujeres;1960;..
Enfermeros con título de Radiología;Mujeres;1959;..
Enfermeros con título de Radiología;Mujeres;1958;..
Enfermeros con título de Radiología;Mujeres;1957;..
Enfermeros con título de Radiología;Mujeres;1956;..
Enfermeros con título de Radiología;Mujeres;1955;..
Enfermeros con título de Radiología;Mujeres;1954;..
Enfermeros con título de Radiología;Mujeres;1953;..
Enfermeros con título de Radiología;Mujeres;1952;..
